source_debit_note_number,dest_tenant,source_tenant,purchase_issue_item_id,ucode,batch,assigned_bin,return_qunatity,amount,pre_purchase_issue_id,purchase_issue_id,purchase_issue_status
P0213-25A0000067,th429,th213,84763,365696,T23010,,1,264.00,,47212,READY_FOR_DELIVERY
DR0214-25A000409,th213,th214,716558,I40435,2208000408,PR0-R00-S00-202,1,48.59,642668,685816,READY_FOR_DELIVERY
P0425-25A0000110,th436,th425,500049,F79676,CEM02AAA,PR1-R01-S01-053,10,152.00,210283,209399,READY_FOR_DELIVERY
P0425-25A0000110,th436,th425,500050,U75079,ZCA-016,PR1-R01-S01-053,10,235.00,210284,209400,READY_FOR_DELIVERY
P0425-25A0000110,th436,th425,500052,C98376,DKO02ADA,PR1-R01-S01-053,60,2010.00,210286,209402,READY_FOR_DELIVERY
P0425-25A0000110,th436,th425,500053,C98376,DKO02ADA,PR1-R01-S01-053,40,1340.00,210287,209403,READY_FOR_DELIVERY
P0425-25A0000110,th436,th425,500054,U25541,ADU03AMA,PR1-R01-S01-053,10,61.00,210288,209404,READY_FOR_DELIVERY
P0425-25A0000110,th436,th425,500055,U75079,ZCA-016,PR1-R01-S01-053,27,634.50,210332,209405,READY_FOR_DELIVERY
P0425-25A0000110,th436,th425,500056,258285,EHC03AAA,PR1-R01-S01-053,260,2340.00,210333,209406,READY_FOR_DELIVERY